Team,ERA,Wins,,Mean
COL,5.56,59,,#NAME?
KCA,5.42,56,,
OAK,5.38,50,,
SLN,5.18,71,,
WAS,5.08,71,,
CHA,4.88,61,,
CIN,4.74,82,,
PIT,4.69,76,,
ANA,4.67,73,,
ARI,4.55,84,,
BOS,4.46,78,,
NYN,4.33,75,,
LAN,4.32,100,,
DET,4.23,78,,
TEX,4.15,90,,
CLE,4.11,76,,
SEA,4.1,88,,
CHN,4.1,83,,
MIA,4.07,84,,
SFN,4.05,79,,
ATL,4.02,104,,
NYA,4.01,82,,
HOU,3.98,90,,
PHI,3.98,90,,
MIN,3.97,87,,
SDN,3.93,82,,
TBA,3.91,98,,
TOR,3.82,89,,
BAL,3.81,101,,
MIL,3.67,92,,